Answer Type,Dimension,Value
A,Analytical Depth,3.702
A,Domain Relevance,4.862
A,Information Richness,4.296
A,Time Relevance,3.718
B,Analytical Depth,3.544
B,Domain Relevance,4.34
B,Information Richness,3.944
B,Time Relevance,3.758
C,Analytical Depth,4.402
C,Domain Relevance,4.88
C,Information Richness,4.876
C,Time Relevance,4.648
D,Analytical Depth,4.15
D,Domain Relevance,4.84
D,Information Richness,4.71
D,Time Relevance,4.612
E,Analytical Depth,4.044
E,Domain Relevance,4.496
E,Information Richness,4.464
E,Time Relevance,4.548
